{
	"FormattingOptions": {
		"newLine": "\n",
		"useTabs": true,
		"tabSize": 2,
		"indentationSize": 2,

		// "NewLinesForBracesInTypes": false,
		// "NewLinesForBracesInMethods": false,
		// "NewLinesForBracesInProperties": false,
		// "NewLinesForBracesInAccessors": false,
		// "NewLinesForBracesInAnonymousMethods": false,
		// "NewLinesForBracesInControlBlocks": false,
		// "NewLinesForBracesInAnonymousTypes": false,
		// "NewLinesForBracesInObjectCollectionArrayInitializers": false,
		// "NewLinesForBracesInLambdaExpressionBody": false,

		// "NewLineForElse": false,
		// "NewLineForCatch": false,
		// "NewLineForFinally": false,
		// "NewLineForMembersInObjectInit": false,
		// "NewLineForMembersInAnonymousTypes": false,
		// "NewLineForClausesInQuery": false,
	}
}

